"","R_LR","R_NB","R_DT"
"1","0","0","Existing Customer"
"2","0","0","Existing Customer"
"3","0","0","Existing Customer"
"4","0","0","Existing Customer"
"5","0","0","Existing Customer"
"6","0","0","Existing Customer"
"7","1","0","Attrited Customer"
"8","1","0","Existing Customer"
"9","1","0","Attrited Customer"
"10","1","1","Attrited Customer"
"11","0","0","Attrited Customer"
"12","1","1","Attrited Customer"
"13","1","1","Existing Customer"
"14","0","0","Existing Customer"
"15","0","0","Existing Customer"
"16","0","0","Existing Customer"
"17","0","0","Existing Customer"
"18","0","0","Existing Customer"
"19","1","0","Existing Customer"
"20","0","0","Existing Customer"
"21","0","0","Existing Customer"
"22","0","0","Existing Customer"
"23","0","0","Existing Customer"
"24","1","0","Existing Customer"
"25","1","0","Existing Customer"
"26","1","0","Existing Customer"
"27","0","0","Existing Customer"
"28","1","1","Attrited Customer"
"29","1","0","Existing Customer"
"30","0","0","Attrited Customer"
"31","0","0","Existing Customer"
"32","0","0","Existing Customer"
"33","0","0","Existing Customer"
"34","0","0","Existing Customer"
"35","0","0","Existing Customer"
"36","1","0","Existing Customer"
"37","1","1","Existing Customer"
"38","1","1","Attrited Customer"
"39","0","0","Existing Customer"
"40","0","0","Existing Customer"
"41","1","0","Existing Customer"
"42","0","0","Existing Customer"
"43","1","1","Existing Customer"
"44","0","0","Existing Customer"
"45","0","0","Attrited Customer"
"46","0","0","Existing Customer"
"47","1","0","Existing Customer"
"48","0","0","Existing Customer"
"49","0","0","Existing Customer"
"50","0","0","Existing Customer"
"51","0","0","Existing Customer"
"52","0","0","Existing Customer"
"53","0","0","Existing Customer"
"54","0","0","Existing Customer"
"55","1","0","Existing Customer"
"56","1","0","Existing Customer"
"57","0","0","Existing Customer"
"58","0","1","Existing Customer"
"59","1","0","Existing Customer"
"60","0","0","Existing Customer"
"61","1","0","Existing Customer"
"62","1","0","Attrited Customer"
"63","1","1","Attrited Customer"
"64","0","0","Existing Customer"
"65","1","1","Attrited Customer"
"66","1","0","Attrited Customer"
"67","0","0","Existing Customer"
"68","0","0","Existing Customer"
"69","1","0","Existing Customer"
"70","0","0","Existing Customer"
"71","1","1","Existing Customer"
"72","1","1","Attrited Customer"
"73","0","0","Existing Customer"
"74","0","0","Existing Customer"
"75","1","0","Existing Customer"
"76","1","1","Existing Customer"
"77","0","0","Attrited Customer"
"78","1","0","Existing Customer"
"79","1","0","Existing Customer"
"80","0","0","Existing Customer"
"81","0","0","Existing Customer"
"82","0","0","Existing Customer"
"83","0","0","Existing Customer"
"84","0","0","Existing Customer"
"85","0","0","Existing Customer"
"86","0","0","Existing Customer"
"87","0","0","Existing Customer"
"88","0","0","Existing Customer"
"89","0","0","Existing Customer"
"90","0","0","Existing Customer"
"91","0","0","Existing Customer"
"92","0","0","Existing Customer"
"93","0","0","Existing Customer"
"94","1","1","Existing Customer"
"95","0","0","Existing Customer"
"96","0","1","Existing Customer"
"97","0","0","Existing Customer"
"98","0","0","Existing Customer"
"99","1","1","Attrited Customer"
"100","0","0","Existing Customer"
"101","0","0","Existing Customer"
"102","0","0","Existing Customer"
"103","0","0","Existing Customer"
"104","0","0","Existing Customer"
"105","0","0","Existing Customer"
"106","1","0","Attrited Customer"
"107","1","1","Attrited Customer"
"108","0","0","Existing Customer"
"109","0","0","Existing Customer"
"110","1","1","Existing Customer"
"111","1","1","Existing Customer"
"112","0","0","Existing Customer"
"113","1","1","Existing Customer"
"114","1","0","Existing Customer"
"115","0","0","Existing Customer"
"116","0","0","Existing Customer"
"117","0","0","Existing Customer"
"118","0","0","Existing Customer"
"119","0","0","Existing Customer"
"120","1","0","Existing Customer"
"121","1","1","Existing Customer"
"122","0","0","Existing Customer"
"123","1","1","Attrited Customer"
"124","0","0","Existing Customer"
"125","0","1","Existing Customer"
"126","1","1","Existing Customer"
"127","0","0","Existing Customer"
"128","0","0","Existing Customer"
"129","1","1","Attrited Customer"
"130","0","0","Existing Customer"
"131","0","0","Existing Customer"
"132","0","0","Existing Customer"
"133","0","0","Existing Customer"
"134","1","1","Attrited Customer"
"135","0","0","Existing Customer"
"136","1","1","Existing Customer"
"137","0","0","Existing Customer"
"138","0","0","Existing Customer"
"139","0","0","Existing Customer"
"140","0","0","Existing Customer"
"141","0","0","Existing Customer"
"142","0","0","Existing Customer"
"143","0","0","Existing Customer"
"144","1","1","Attrited Customer"
"145","0","0","Existing Customer"
"146","0","0","Existing Customer"
"147","0","0","Existing Customer"
"148","1","0","Attrited Customer"
"149","1","1","Existing Customer"
"150","0","0","Existing Customer"
"151","0","0","Existing Customer"
"152","0","0","Existing Customer"
"153","0","0","Existing Customer"
"154","0","0","Existing Customer"
"155","0","0","Existing Customer"
"156","0","0","Existing Customer"
"157","0","0","Existing Customer"
"158","1","0","Existing Customer"
"159","0","0","Existing Customer"
"160","0","0","Existing Customer"
"161","0","1","Existing Customer"
"162","1","0","Existing Customer"
"163","0","0","Existing Customer"
"164","1","1","Attrited Customer"
"165","0","0","Existing Customer"
"166","1","1","Existing Customer"
"167","1","0","Existing Customer"
"168","1","1","Existing Customer"
"169","0","0","Existing Customer"
"170","1","0","Existing Customer"
"171","1","0","Existing Customer"
"172","1","0","Existing Customer"
"173","0","0","Existing Customer"
"174","1","0","Existing Customer"
"175","0","0","Existing Customer"
"176","0","0","Existing Customer"
"177","0","0","Existing Customer"
"178","0","0","Existing Customer"
"179","0","0","Existing Customer"
"180","0","0","Existing Customer"
"181","0","0","Existing Customer"
"182","0","0","Existing Customer"
"183","1","1","Existing Customer"
"184","1","1","Existing Customer"
"185","0","1","Existing Customer"
"186","0","0","Existing Customer"
"187","0","0","Existing Customer"
"188","0","0","Existing Customer"
"189","0","0","Existing Customer"
"190","1","1","Existing Customer"
"191","1","1","Attrited Customer"
"192","0","0","Existing Customer"
"193","0","0","Existing Customer"
"194","0","0","Existing Customer"
"195","0","0","Existing Customer"
"196","1","1","Attrited Customer"
"197","0","0","Existing Customer"
"198","0","0","Existing Customer"
"199","0","0","Existing Customer"
"200","0","0","Existing Customer"
"201","0","0","Existing Customer"
"202","1","1","Existing Customer"
"203","1","0","Existing Customer"
"204","0","0","Existing Customer"
"205","1","1","Existing Customer"
"206","0","0","Existing Customer"
"207","0","0","Existing Customer"
"208","1","1","Existing Customer"
"209","0","0","Existing Customer"
"210","1","1","Attrited Customer"
"211","1","0","Existing Customer"
"212","1","0","Attrited Customer"
"213","0","0","Existing Customer"
"214","0","0","Existing Customer"
"215","0","1","Existing Customer"
"216","1","0","Existing Customer"
"217","1","1","Existing Customer"
"218","1","0","Existing Customer"
"219","0","0","Existing Customer"
"220","1","1","Attrited Customer"
"221","0","0","Existing Customer"
"222","0","0","Existing Customer"
"223","0","0","Existing Customer"
"224","0","0","Existing Customer"
"225","0","0","Existing Customer"
"226","0","0","Existing Customer"
"227","1","0","Existing Customer"
"228","0","0","Existing Customer"
"229","1","1","Existing Customer"
"230","0","0","Existing Customer"
"231","0","0","Attrited Customer"
"232","0","0","Existing Customer"
"233","1","1","Attrited Customer"
"234","1","0","Existing Customer"
"235","1","1","Existing Customer"
"236","0","0","Existing Customer"
"237","0","0","Existing Customer"
"238","1","1","Attrited Customer"
"239","0","0","Existing Customer"
"240","0","0","Existing Customer"
"241","1","0","Existing Customer"
"242","0","0","Existing Customer"
"243","1","0","Existing Customer"
"244","1","1","Attrited Customer"
"245","0","0","Existing Customer"
"246","1","1","Attrited Customer"
"247","0","0","Existing Customer"
"248","0","0","Existing Customer"
"249","0","0","Existing Customer"
"250","0","0","Existing Customer"
"251","0","0","Existing Customer"
"252","1","0","Existing Customer"
"253","0","0","Existing Customer"
"254","0","0","Existing Customer"
"255","0","0","Existing Customer"
"256","0","0","Existing Customer"
"257","0","0","Existing Customer"
"258","0","0","Existing Customer"
"259","0","0","Existing Customer"
"260","1","1","Existing Customer"
"261","0","0","Existing Customer"
"262","0","0","Existing Customer"
"263","0","1","Attrited Customer"
"264","1","1","Existing Customer"
"265","0","0","Existing Customer"
"266","0","0","Existing Customer"
"267","1","0","Existing Customer"
"268","1","0","Existing Customer"
"269","0","0","Existing Customer"
"270","0","0","Existing Customer"
"271","0","0","Existing Customer"
"272","1","1","Attrited Customer"
"273","1","0","Existing Customer"
"274","0","0","Existing Customer"
"275","0","0","Existing Customer"
"276","0","0","Existing Customer"
"277","0","0","Existing Customer"
"278","1","1","Existing Customer"
"279","0","0","Existing Customer"
"280","0","0","Existing Customer"
"281","0","0","Existing Customer"
"282","1","0","Existing Customer"
"283","0","0","Existing Customer"
"284","0","0","Existing Customer"
"285","0","0","Existing Customer"
"286","1","1","Existing Customer"
"287","0","0","Existing Customer"
"288","0","0","Existing Customer"
"289","1","1","Attrited Customer"
"290","0","0","Existing Customer"
"291","1","1","Existing Customer"
"292","1","1","Existing Customer"
"293","0","0","Existing Customer"
"294","1","1","Attrited Customer"
"295","0","0","Existing Customer"
"296","0","0","Existing Customer"
"297","0","0","Existing Customer"
"298","1","0","Existing Customer"
"299","1","1","Attrited Customer"
"300","1","1","Existing Customer"
"301","0","0","Existing Customer"
"302","0","1","Existing Customer"
"303","1","0","Existing Customer"
"304","1","1","Attrited Customer"
"305","0","0","Existing Customer"
"306","0","0","Attrited Customer"
"307","1","0","Existing Customer"
"308","1","1","Attrited Customer"
"309","1","1","Attrited Customer"
"310","0","0","Existing Customer"
"311","1","0","Existing Customer"
"312","0","0","Existing Customer"
"313","0","0","Existing Customer"
"314","1","1","Existing Customer"
"315","0","0","Attrited Customer"
"316","0","1","Existing Customer"
"317","1","1","Existing Customer"
"318","1","1","Existing Customer"
"319","0","0","Existing Customer"
"320","0","0","Existing Customer"
"321","1","0","Existing Customer"
"322","1","0","Existing Customer"
"323","1","1","Existing Customer"
"324","0","0","Existing Customer"
"325","1","1","Existing Customer"
"326","0","0","Existing Customer"
"327","0","0","Existing Customer"
"328","0","1","Existing Customer"
"329","0","0","Existing Customer"
"330","1","1","Existing Customer"
"331","0","0","Existing Customer"
"332","0","0","Existing Customer"
"333","1","1","Existing Customer"
"334","1","0","Existing Customer"
"335","0","0","Existing Customer"
"336","0","0","Existing Customer"
"337","0","0","Existing Customer"
"338","0","0","Existing Customer"
"339","0","0","Existing Customer"
"340","0","0","Existing Customer"
"341","1","1","Attrited Customer"
"342","1","1","Existing Customer"
"343","1","0","Existing Customer"
"344","0","0","Existing Customer"
"345","1","1","Existing Customer"
"346","0","0","Existing Customer"
"347","0","0","Existing Customer"
"348","0","0","Existing Customer"
"349","0","0","Existing Customer"
"350","1","0","Existing Customer"
"351","1","1","Existing Customer"
"352","0","0","Existing Customer"
"353","0","0","Existing Customer"
"354","1","1","Existing Customer"
"355","1","1","Existing Customer"
"356","0","0","Existing Customer"
"357","1","0","Existing Customer"
"358","1","0","Existing Customer"
"359","1","1","Existing Customer"
"360","0","0","Existing Customer"
"361","1","0","Attrited Customer"
"362","1","0","Existing Customer"
"363","1","1","Existing Customer"
"364","1","1","Existing Customer"
"365","0","0","Existing Customer"
"366","1","0","Existing Customer"
"367","0","1","Existing Customer"
"368","0","0","Existing Customer"
"369","1","0","Existing Customer"
"370","0","0","Existing Customer"
"371","0","0","Existing Customer"
"372","0","1","Existing Customer"
"373","1","0","Existing Customer"
"374","0","0","Existing Customer"
"375","1","1","Existing Customer"
"376","0","0","Existing Customer"
"377","0","0","Existing Customer"
"378","0","0","Existing Customer"
"379","0","0","Existing Customer"
"380","0","0","Existing Customer"
"381","0","0","Existing Customer"
"382","1","1","Attrited Customer"
"383","0","1","Existing Customer"
"384","0","0","Existing Customer"
"385","0","0","Existing Customer"
"386","0","0","Existing Customer"
"387","1","1","Attrited Customer"
"388","0","0","Existing Customer"
"389","0","0","Existing Customer"
"390","0","0","Existing Customer"
"391","0","0","Existing Customer"
"392","0","0","Existing Customer"
"393","1","0","Existing Customer"
"394","1","1","Attrited Customer"
"395","0","0","Existing Customer"
"396","1","1","Existing Customer"
"397","1","1","Existing Customer"
"398","0","0","Existing Customer"
"399","0","0","Existing Customer"
"400","0","0","Existing Customer"
"401","1","0","Attrited Customer"
"402","0","0","Existing Customer"
"403","0","0","Existing Customer"
"404","0","0","Existing Customer"
"405","0","0","Existing Customer"
"406","0","0","Existing Customer"
"407","0","0","Existing Customer"
"408","0","0","Existing Customer"
"409","0","1","Existing Customer"
"410","0","0","Existing Customer"
"411","0","0","Existing Customer"
"412","1","1","Existing Customer"
"413","0","0","Existing Customer"
"414","0","0","Existing Customer"
"415","1","1","Attrited Customer"
"416","0","0","Attrited Customer"
"417","0","0","Existing Customer"
"418","0","0","Existing Customer"
"419","1","1","Existing Customer"
"420","0","0","Existing Customer"
"421","1","0","Existing Customer"
"422","0","0","Existing Customer"
"423","0","0","Existing Customer"
"424","0","0","Existing Customer"
"425","0","0","Existing Customer"
"426","1","0","Existing Customer"
"427","0","0","Existing Customer"
"428","0","0","Existing Customer"
"429","1","0","Existing Customer"
"430","0","0","Existing Customer"
"431","1","1","Attrited Customer"
"432","0","0","Existing Customer"
"433","0","0","Attrited Customer"
"434","0","1","Existing Customer"
"435","1","1","Attrited Customer"
"436","0","0","Existing Customer"
"437","0","0","Existing Customer"
"438","1","1","Attrited Customer"
"439","1","0","Existing Customer"
"440","0","0","Existing Customer"
"441","0","0","Existing Customer"
"442","0","0","Existing Customer"
"443","1","1","Existing Customer"
"444","0","0","Existing Customer"
"445","1","1","Existing Customer"
"446","1","1","Attrited Customer"
"447","0","0","Existing Customer"
"448","0","0","Existing Customer"
"449","0","0","Existing Customer"
"450","1","1","Existing Customer"
"451","1","1","Attrited Customer"
"452","0","0","Existing Customer"
"453","1","1","Attrited Customer"
"454","0","0","Existing Customer"
"455","0","0","Existing Customer"
"456","1","0","Existing Customer"
"457","1","0","Existing Customer"
"458","1","1","Existing Customer"
"459","1","1","Existing Customer"
"460","1","0","Existing Customer"
"461","0","0","Existing Customer"
"462","1","1","Existing Customer"
"463","1","0","Existing Customer"
"464","1","1","Attrited Customer"
"465","1","1","Existing Customer"
"466","0","0","Existing Customer"
"467","0","0","Attrited Customer"
"468","0","1","Existing Customer"
"469","0","0","Existing Customer"
"470","0","0","Existing Customer"
"471","0","0","Existing Customer"
"472","0","0","Existing Customer"
"473","0","0","Existing Customer"
"474","0","0","Existing Customer"
"475","0","0","Existing Customer"
"476","1","1","Attrited Customer"
"477","0","0","Existing Customer"
"478","0","0","Existing Customer"
"479","1","1","Existing Customer"
"480","0","0","Existing Customer"
"481","0","0","Attrited Customer"
"482","1","0","Existing Customer"
"483","1","1","Existing Customer"
"484","0","0","Existing Customer"
"485","0","0","Attrited Customer"
"486","1","1","Attrited Customer"
"487","1","1","Attrited Customer"
"488","1","1","Existing Customer"
"489","1","1","Attrited Customer"
"490","0","0","Existing Customer"
"491","1","1","Existing Customer"
"492","0","0","Existing Customer"
"493","1","0","Existing Customer"
"494","0","0","Existing Customer"
"495","0","0","Existing Customer"
"496","0","0","Existing Customer"
"497","0","0","Existing Customer"
"498","1","1","Existing Customer"
"499","1","1","Attrited Customer"
"500","0","0","Existing Customer"
"501","1","0","Existing Customer"
"502","0","0","Existing Customer"
"503","0","0","Existing Customer"
"504","1","0","Attrited Customer"
"505","0","0","Existing Customer"
"506","0","0","Existing Customer"
"507","0","0","Existing Customer"
"508","0","0","Existing Customer"
"509","1","1","Existing Customer"
"510","0","0","Existing Customer"
"511","0","0","Existing Customer"
"512","1","1","Existing Customer"
"513","1","1","Existing Customer"
"514","0","0","Existing Customer"
"515","0","0","Existing Customer"
"516","0","0","Existing Customer"
"517","1","0","Existing Customer"
"518","0","0","Existing Customer"
"519","1","0","Existing Customer"
"520","0","0","Existing Customer"
"521","1","1","Existing Customer"
"522","1","1","Attrited Customer"
"523","0","0","Attrited Customer"
"524","0","0","Existing Customer"
"525","0","1","Existing Customer"
"526","0","0","Existing Customer"
"527","0","1","Existing Customer"
"528","1","0","Attrited Customer"
"529","0","0","Existing Customer"
"530","0","0","Existing Customer"
"531","0","0","Existing Customer"
"532","1","1","Existing Customer"
"533","0","0","Attrited Customer"
"534","1","1","Existing Customer"
"535","0","0","Existing Customer"
"536","1","1","Attrited Customer"
"537","0","0","Existing Customer"
"538","0","0","Existing Customer"
"539","1","1","Existing Customer"
"540","0","0","Existing Customer"
"541","0","0","Existing Customer"
"542","0","0","Existing Customer"
"543","0","0","Existing Customer"
"544","0","0","Existing Customer"
"545","0","0","Existing Customer"
"546","0","0","Existing Customer"
"547","0","0","Existing Customer"
"548","0","0","Existing Customer"
"549","0","0","Existing Customer"
"550","1","1","Existing Customer"
"551","0","1","Existing Customer"
"552","0","0","Existing Customer"
"553","0","0","Existing Customer"
"554","0","0","Existing Customer"
"555","0","0","Existing Customer"
"556","0","0","Existing Customer"
"557","0","1","Attrited Customer"
"558","0","0","Existing Customer"
"559","0","0","Existing Customer"
"560","0","0","Existing Customer"
"561","0","0","Existing Customer"
"562","1","0","Existing Customer"
"563","0","0","Attrited Customer"
"564","0","0","Existing Customer"
"565","0","0","Existing Customer"
"566","0","0","Existing Customer"
"567","0","0","Existing Customer"
"568","0","0","Existing Customer"
"569","1","1","Attrited Customer"
"570","0","0","Existing Customer"
"571","1","1","Attrited Customer"
"572","0","0","Existing Customer"
"573","0","0","Existing Customer"
"574","0","0","Existing Customer"
"575","0","0","Existing Customer"
"576","0","0","Existing Customer"
"577","0","0","Existing Customer"
"578","0","0","Existing Customer"
"579","0","0","Existing Customer"
"580","1","1","Existing Customer"
"581","1","1","Attrited Customer"
"582","0","0","Existing Customer"
"583","1","0","Existing Customer"
"584","0","0","Existing Customer"
"585","0","0","Existing Customer"
"586","0","0","Existing Customer"
"587","0","0","Attrited Customer"
"588","0","1","Existing Customer"
"589","0","0","Existing Customer"
"590","1","1","Attrited Customer"
"591","0","0","Existing Customer"
"592","0","0","Existing Customer"
"593","0","0","Existing Customer"
"594","1","0","Existing Customer"
"595","0","0","Existing Customer"
"596","0","0","Existing Customer"
"597","1","0","Existing Customer"
"598","0","0","Existing Customer"
"599","0","0","Existing Customer"
"600","0","0","Existing Customer"
"601","0","1","Attrited Customer"
"602","1","1","Existing Customer"
"603","0","0","Existing Customer"
"604","0","0","Existing Customer"
"605","0","0","Existing Customer"
"606","0","0","Existing Customer"
"607","0","0","Existing Customer"
"608","0","1","Attrited Customer"
"609","0","0","Existing Customer"
"610","0","0","Existing Customer"
"611","1","0","Existing Customer"
"612","0","0","Existing Customer"
"613","0","0","Existing Customer"
"614","0","0","Existing Customer"
"615","0","0","Existing Customer"
"616","0","0","Existing Customer"
"617","0","0","Existing Customer"
"618","0","0","Existing Customer"
"619","0","1","Existing Customer"
"620","1","0","Attrited Customer"
"621","0","0","Existing Customer"
"622","1","1","Existing Customer"
"623","0","0","Existing Customer"
"624","0","0","Existing Customer"
"625","0","0","Existing Customer"
"626","0","0","Existing Customer"
"627","1","1","Existing Customer"
"628","0","0","Existing Customer"
"629","0","0","Existing Customer"
"630","0","0","Existing Customer"
"631","0","0","Existing Customer"
"632","1","0","Existing Customer"
"633","0","0","Existing Customer"
"634","0","0","Existing Customer"
"635","0","0","Existing Customer"
"636","0","0","Existing Customer"
"637","0","0","Existing Customer"
"638","0","0","Existing Customer"
"639","0","0","Existing Customer"
"640","0","0","Existing Customer"
"641","0","0","Existing Customer"
"642","0","0","Existing Customer"
"643","0","0","Existing Customer"
"644","0","0","Existing Customer"
"645","1","1","Attrited Customer"
"646","0","0","Existing Customer"
"647","0","0","Existing Customer"
"648","0","0","Attrited Customer"
"649","0","0","Existing Customer"
"650","1","0","Existing Customer"
"651","0","0","Existing Customer"
"652","0","0","Existing Customer"
"653","0","0","Existing Customer"
"654","0","0","Existing Customer"
"655","1","1","Attrited Customer"
"656","0","0","Existing Customer"
"657","0","0","Existing Customer"
"658","0","0","Existing Customer"
"659","0","0","Existing Customer"
"660","0","0","Existing Customer"
"661","0","0","Attrited Customer"
"662","0","1","Existing Customer"
"663","0","0","Existing Customer"
"664","0","0","Existing Customer"
"665","0","0","Existing Customer"
"666","0","0","Existing Customer"
"667","0","0","Existing Customer"
"668","0","0","Attrited Customer"
"669","0","0","Existing Customer"
"670","0","0","Attrited Customer"
"671","1","1","Existing Customer"
"672","0","0","Existing Customer"
"673","0","0","Existing Customer"
"674","0","0","Existing Customer"
"675","0","1","Existing Customer"
"676","0","0","Existing Customer"
"677","0","0","Existing Customer"
"678","0","0","Existing Customer"
"679","1","1","Existing Customer"
"680","0","0","Existing Customer"
"681","0","0","Existing Customer"
"682","1","0","Existing Customer"
"683","0","0","Existing Customer"
"684","0","0","Existing Customer"
"685","0","0","Existing Customer"
"686","0","0","Existing Customer"
"687","0","0","Existing Customer"
"688","0","0","Existing Customer"
"689","1","1","Existing Customer"
"690","0","0","Existing Customer"
"691","0","0","Existing Customer"
"692","0","0","Existing Customer"
"693","0","0","Existing Customer"
"694","0","0","Existing Customer"
"695","0","0","Existing Customer"
"696","0","0","Attrited Customer"
"697","0","0","Existing Customer"
"698","0","0","Existing Customer"
"699","0","0","Existing Customer"
"700","0","0","Existing Customer"
"701","0","0","Existing Customer"
"702","0","1","Existing Customer"
"703","0","0","Existing Customer"
"704","0","0","Existing Customer"
"705","0","0","Attrited Customer"
"706","0","0","Existing Customer"
"707","0","1","Existing Customer"
"708","0","0","Existing Customer"
"709","0","0","Existing Customer"
"710","0","0","Existing Customer"
"711","0","0","Existing Customer"
"712","0","0","Existing Customer"
"713","0","0","Existing Customer"
"714","0","0","Existing Customer"
"715","0","0","Existing Customer"
"716","1","1","Existing Customer"
"717","1","0","Existing Customer"
"718","1","1","Attrited Customer"
"719","0","0","Existing Customer"
"720","0","0","Existing Customer"
"721","0","0","Existing Customer"
"722","0","0","Existing Customer"
"723","1","1","Attrited Customer"
"724","0","0","Existing Customer"
"725","0","0","Existing Customer"
"726","1","1","Existing Customer"
"727","0","0","Existing Customer"
"728","0","0","Existing Customer"
"729","0","0","Existing Customer"
"730","0","0","Existing Customer"
"731","0","0","Existing Customer"
"732","0","0","Existing Customer"
"733","0","0","Existing Customer"
"734","0","0","Existing Customer"
"735","0","1","Attrited Customer"
"736","1","0","Existing Customer"
"737","1","1","Attrited Customer"
"738","0","0","Existing Customer"
"739","1","1","Attrited Customer"
"740","0","0","Existing Customer"
"741","0","0","Existing Customer"
"742","0","0","Existing Customer"
"743","0","0","Existing Customer"
"744","0","0","Existing Customer"
"745","0","1","Existing Customer"
"746","0","0","Existing Customer"
"747","1","0","Existing Customer"
"748","0","0","Attrited Customer"
"749","0","0","Existing Customer"
"750","0","0","Existing Customer"
"751","0","0","Existing Customer"
"752","1","1","Existing Customer"
"753","0","0","Existing Customer"
"754","1","0","Existing Customer"
"755","0","0","Existing Customer"
"756","1","1","Attrited Customer"
"757","0","0","Existing Customer"
"758","0","0","Existing Customer"
"759","0","0","Existing Customer"
"760","0","0","Existing Customer"
"761","0","0","Existing Customer"
"762","0","0","Existing Customer"
"763","0","0","Existing Customer"
"764","1","0","Existing Customer"
"765","0","0","Existing Customer"
"766","1","1","Attrited Customer"
"767","0","0","Existing Customer"
"768","0","0","Existing Customer"
"769","1","1","Attrited Customer"
"770","0","0","Existing Customer"
"771","0","0","Existing Customer"
"772","1","0","Existing Customer"
"773","0","0","Existing Customer"
"774","0","0","Attrited Customer"
"775","0","0","Existing Customer"
"776","1","1","Attrited Customer"
"777","0","0","Existing Customer"
"778","1","1","Attrited Customer"
"779","0","0","Existing Customer"
"780","0","0","Existing Customer"
"781","1","0","Existing Customer"
"782","0","0","Existing Customer"
"783","1","1","Attrited Customer"
"784","0","0","Existing Customer"
"785","1","0","Existing Customer"
"786","0","0","Existing Customer"
"787","0","0","Existing Customer"
"788","0","0","Existing Customer"
"789","0","0","Existing Customer"
"790","1","0","Attrited Customer"
"791","0","0","Existing Customer"
"792","0","0","Existing Customer"
"793","0","0","Existing Customer"
"794","1","0","Attrited Customer"
"795","0","0","Existing Customer"
"796","1","1","Attrited Customer"
"797","0","0","Existing Customer"
"798","0","0","Existing Customer"
"799","0","0","Existing Customer"
"800","0","0","Existing Customer"
"801","1","1","Attrited Customer"
"802","1","0","Existing Customer"
"803","0","0","Existing Customer"
"804","0","0","Existing Customer"
"805","1","1","Attrited Customer"
"806","0","0","Existing Customer"
"807","0","0","Existing Customer"
"808","1","1","Attrited Customer"
"809","1","1","Attrited Customer"
"810","1","1","Attrited Customer"
"811","0","0","Attrited Customer"
"812","0","0","Existing Customer"
"813","0","0","Attrited Customer"
"814","0","0","Existing Customer"
"815","0","0","Existing Customer"
"816","1","0","Attrited Customer"
"817","1","1","Existing Customer"
"818","0","0","Existing Customer"
"819","0","0","Existing Customer"
"820","1","0","Existing Customer"
"821","0","0","Existing Customer"
"822","0","0","Existing Customer"
"823","0","0","Attrited Customer"
"824","1","1","Existing Customer"
"825","0","0","Existing Customer"
"826","1","1","Attrited Customer"
"827","0","0","Existing Customer"
"828","0","0","Existing Customer"
"829","0","0","Existing Customer"
"830","0","0","Existing Customer"
"831","0","0","Existing Customer"
"832","0","0","Existing Customer"
"833","1","1","Attrited Customer"
"834","0","0","Existing Customer"
"835","0","0","Existing Customer"
"836","0","0","Existing Customer"
"837","1","1","Attrited Customer"
"838","0","0","Existing Customer"
"839","0","0","Existing Customer"
"840","0","0","Existing Customer"
"841","0","0","Existing Customer"
"842","0","0","Existing Customer"
"843","0","0","Existing Customer"
"844","0","0","Existing Customer"
"845","0","0","Existing Customer"
"846","0","0","Existing Customer"
"847","0","0","Existing Customer"
"848","0","0","Existing Customer"
"849","1","1","Attrited Customer"
"850","0","0","Existing Customer"
"851","0","0","Existing Customer"
"852","1","1","Existing Customer"
"853","0","0","Attrited Customer"
"854","0","0","Existing Customer"
"855","0","0","Existing Customer"
"856","0","0","Existing Customer"
"857","0","0","Existing Customer"
"858","1","1","Existing Customer"
"859","0","0","Existing Customer"
"860","0","0","Existing Customer"
"861","0","0","Existing Customer"
"862","0","0","Existing Customer"
"863","1","1","Attrited Customer"
"864","0","0","Existing Customer"
"865","0","0","Existing Customer"
"866","0","0","Existing Customer"
"867","0","0","Existing Customer"
"868","0","0","Existing Customer"
"869","0","0","Existing Customer"
"870","0","0","Existing Customer"
"871","0","0","Existing Customer"
"872","0","0","Existing Customer"
"873","0","0","Existing Customer"
"874","0","0","Existing Customer"
"875","1","1","Attrited Customer"
"876","0","0","Existing Customer"
"877","0","0","Existing Customer"
"878","1","1","Existing Customer"
"879","0","0","Existing Customer"
"880","1","1","Existing Customer"
"881","0","0","Existing Customer"
"882","0","0","Existing Customer"
"883","0","0","Existing Customer"
"884","0","0","Existing Customer"
"885","0","0","Existing Customer"
"886","1","1","Existing Customer"
"887","0","0","Existing Customer"
"888","0","0","Existing Customer"
"889","0","0","Existing Customer"
"890","0","0","Existing Customer"
"891","0","0","Existing Customer"
"892","0","0","Existing Customer"
"893","0","0","Attrited Customer"
"894","0","0","Existing Customer"
"895","1","0","Existing Customer"
"896","0","0","Existing Customer"
"897","1","1","Existing Customer"
"898","0","0","Existing Customer"
"899","0","0","Existing Customer"
"900","0","0","Existing Customer"
"901","0","0","Existing Customer"
"902","0","0","Existing Customer"
"903","0","0","Existing Customer"
"904","1","1","Attrited Customer"
"905","0","0","Existing Customer"
"906","0","0","Existing Customer"
"907","0","0","Existing Customer"
"908","0","0","Attrited Customer"
"909","0","0","Existing Customer"
"910","1","0","Existing Customer"
"911","0","0","Existing Customer"
"912","0","0","Existing Customer"
"913","0","0","Existing Customer"
"914","1","1","Existing Customer"
"915","1","1","Attrited Customer"
"916","0","0","Existing Customer"
"917","1","1","Attrited Customer"
"918","0","0","Existing Customer"
"919","1","1","Existing Customer"
"920","1","1","Attrited Customer"
"921","0","0","Existing Customer"
"922","0","0","Existing Customer"
"923","0","1","Existing Customer"
"924","0","0","Existing Customer"
"925","1","1","Attrited Customer"
"926","0","0","Existing Customer"
"927","1","1","Existing Customer"
"928","0","0","Existing Customer"
"929","0","0","Existing Customer"
"930","0","0","Existing Customer"
"931","0","0","Existing Customer"
"932","0","0","Existing Customer"
"933","1","1","Existing Customer"
"934","1","1","Attrited Customer"
"935","1","1","Attrited Customer"
"936","0","0","Existing Customer"
"937","0","0","Existing Customer"
"938","0","0","Existing Customer"
"939","0","0","Existing Customer"
"940","0","0","Existing Customer"
"941","1","1","Attrited Customer"
"942","0","0","Existing Customer"
"943","1","1","Attrited Customer"
"944","0","0","Existing Customer"
"945","0","0","Existing Customer"
"946","0","0","Existing Customer"
"947","0","0","Existing Customer"
"948","1","1","Attrited Customer"
"949","0","0","Existing Customer"
"950","0","0","Existing Customer"
"951","0","0","Existing Customer"
"952","1","1","Attrited Customer"
"953","0","0","Existing Customer"
"954","0","0","Existing Customer"
"955","0","0","Existing Customer"
"956","0","0","Existing Customer"
"957","0","0","Existing Customer"
"958","1","0","Existing Customer"
"959","0","0","Existing Customer"
"960","1","1","Attrited Customer"
"961","0","0","Existing Customer"
"962","0","0","Existing Customer"
"963","1","1","Attrited Customer"
"964","0","0","Existing Customer"
"965","1","1","Attrited Customer"
"966","0","0","Existing Customer"
"967","0","0","Existing Customer"
"968","0","0","Existing Customer"
"969","0","0","Existing Customer"
"970","0","0","Existing Customer"
"971","0","0","Existing Customer"
"972","0","0","Existing Customer"
"973","0","1","Attrited Customer"
"974","0","0","Existing Customer"
"975","0","0","Existing Customer"
"976","0","0","Existing Customer"
"977","0","0","Existing Customer"
"978","1","1","Attrited Customer"
"979","0","0","Existing Customer"
"980","0","0","Existing Customer"
"981","0","0","Existing Customer"
"982","0","0","Existing Customer"
"983","0","0","Existing Customer"
"984","0","0","Existing Customer"
"985","1","1","Attrited Customer"
"986","0","0","Existing Customer"
"987","0","0","Existing Customer"
"988","0","0","Existing Customer"
"989","0","0","Existing Customer"
"990","0","0","Existing Customer"
"991","0","0","Existing Customer"
"992","1","1","Attrited Customer"
"993","0","0","Existing Customer"
"994","0","0","Existing Customer"
"995","0","0","Attrited Customer"
"996","0","0","Existing Customer"
"997","0","0","Attrited Customer"
"998","1","0","Existing Customer"
"999","0","0","Existing Customer"
"1000","0","0","Existing Customer"
"1001","0","0","Existing Customer"
"1002","0","0","Existing Customer"
"1003","0","0","Attrited Customer"
"1004","0","0","Existing Customer"
"1005","0","0","Existing Customer"
"1006","0","0","Existing Customer"
"1007","0","0","Existing Customer"
"1008","1","1","Existing Customer"
"1009","1","1","Attrited Customer"
"1010","0","0","Existing Customer"
"1011","0","0","Existing Customer"
"1012","0","0","Existing Customer"
"1013","0","0","Existing Customer"
"1014","0","0","Existing Customer"
"1015","0","0","Existing Customer"
"1016","0","0","Existing Customer"
"1017","0","0","Existing Customer"
"1018","0","0","Existing Customer"
"1019","0","0","Existing Customer"
"1020","0","0","Existing Customer"
"1021","0","0","Existing Customer"
"1022","0","0","Existing Customer"
"1023","0","0","Existing Customer"
"1024","0","0","Existing Customer"
"1025","0","0","Existing Customer"
"1026","0","0","Attrited Customer"
"1027","0","0","Existing Customer"
"1028","0","0","Existing Customer"
"1029","1","1","Existing Customer"
"1030","0","0","Existing Customer"
"1031","1","1","Existing Customer"
"1032","0","0","Existing Customer"
"1033","0","0","Existing Customer"
"1034","0","0","Existing Customer"
"1035","0","0","Existing Customer"
"1036","0","0","Existing Customer"
"1037","1","1","Existing Customer"
"1038","0","0","Existing Customer"
"1039","0","0","Existing Customer"
"1040","0","0","Existing Customer"
"1041","0","0","Existing Customer"
"1042","1","1","Attrited Customer"
"1043","0","0","Existing Customer"
"1044","1","1","Attrited Customer"
"1045","0","0","Existing Customer"
"1046","0","0","Existing Customer"
"1047","0","0","Existing Customer"
"1048","0","0","Existing Customer"
"1049","1","1","Attrited Customer"
"1050","0","0","Existing Customer"
"1051","0","0","Existing Customer"
"1052","0","0","Existing Customer"
"1053","0","0","Existing Customer"
"1054","0","0","Existing Customer"
"1055","0","0","Existing Customer"
"1056","1","1","Existing Customer"
"1057","0","0","Existing Customer"
"1058","1","0","Attrited Customer"
"1059","0","0","Existing Customer"
"1060","0","0","Existing Customer"
"1061","0","0","Existing Customer"
"1062","0","0","Existing Customer"
"1063","0","0","Existing Customer"
"1064","1","1","Attrited Customer"
"1065","0","0","Existing Customer"
"1066","1","1","Attrited Customer"
"1067","0","0","Existing Customer"
"1068","0","0","Existing Customer"
"1069","0","0","Existing Customer"
"1070","0","0","Existing Customer"
"1071","1","1","Attrited Customer"
"1072","0","0","Existing Customer"
"1073","0","0","Attrited Customer"
"1074","0","0","Existing Customer"
"1075","0","0","Existing Customer"
"1076","0","0","Existing Customer"
"1077","1","1","Attrited Customer"
"1078","0","0","Existing Customer"
"1079","0","0","Existing Customer"
"1080","0","0","Existing Customer"
"1081","0","0","Existing Customer"
"1082","0","0","Existing Customer"
"1083","0","0","Existing Customer"
"1084","0","0","Existing Customer"
"1085","0","0","Existing Customer"
"1086","0","0","Existing Customer"
"1087","1","1","Attrited Customer"
"1088","0","0","Existing Customer"
"1089","0","0","Attrited Customer"
"1090","0","0","Existing Customer"
"1091","0","0","Existing Customer"
"1092","1","0","Existing Customer"
"1093","0","0","Existing Customer"
"1094","0","0","Existing Customer"
"1095","0","0","Existing Customer"
"1096","0","0","Existing Customer"
"1097","0","0","Attrited Customer"
"1098","0","0","Existing Customer"
"1099","0","0","Existing Customer"
"1100","0","0","Existing Customer"
"1101","1","1","Attrited Customer"
"1102","0","0","Existing Customer"
"1103","1","1","Attrited Customer"
"1104","0","0","Existing Customer"
"1105","0","0","Existing Customer"
"1106","0","0","Existing Customer"
"1107","1","1","Attrited Customer"
"1108","1","1","Existing Customer"
"1109","0","0","Existing Customer"
"1110","0","0","Existing Customer"
"1111","1","0","Existing Customer"
"1112","1","0","Existing Customer"
"1113","0","0","Existing Customer"
"1114","0","0","Attrited Customer"
"1115","0","0","Existing Customer"
"1116","0","0","Existing Customer"
"1117","0","0","Existing Customer"
"1118","0","0","Existing Customer"
"1119","0","0","Existing Customer"
"1120","1","1","Attrited Customer"
"1121","1","0","Existing Customer"
"1122","0","0","Existing Customer"
"1123","0","0","Existing Customer"
"1124","0","0","Existing Customer"
"1125","0","0","Existing Customer"
"1126","0","0","Existing Customer"
"1127","0","1","Attrited Customer"
"1128","0","0","Existing Customer"
"1129","0","0","Existing Customer"
"1130","0","0","Existing Customer"
"1131","0","0","Existing Customer"
"1132","0","0","Existing Customer"
"1133","0","0","Existing Customer"
"1134","0","0","Existing Customer"
"1135","0","0","Existing Customer"
"1136","0","0","Existing Customer"
"1137","0","0","Existing Customer"
"1138","0","0","Existing Customer"
"1139","0","0","Existing Customer"
"1140","0","0","Existing Customer"
"1141","0","0","Existing Customer"
"1142","0","0","Existing Customer"
"1143","1","0","Existing Customer"
"1144","1","1","Attrited Customer"
"1145","0","0","Attrited Customer"
"1146","0","0","Existing Customer"
"1147","0","0","Existing Customer"
"1148","0","0","Existing Customer"
"1149","0","0","Existing Customer"
"1150","0","0","Attrited Customer"
"1151","0","0","Existing Customer"
"1152","0","0","Existing Customer"
"1153","0","0","Existing Customer"
"1154","0","0","Existing Customer"
"1155","0","0","Existing Customer"
"1156","0","0","Existing Customer"
"1157","0","0","Existing Customer"
"1158","1","1","Attrited Customer"
"1159","0","0","Existing Customer"
"1160","0","1","Attrited Customer"
"1161","0","0","Existing Customer"
"1162","0","0","Existing Customer"
"1163","1","1","Attrited Customer"
"1164","0","0","Existing Customer"
"1165","0","0","Existing Customer"
"1166","0","0","Existing Customer"
"1167","0","0","Existing Customer"
"1168","0","0","Existing Customer"
"1169","0","0","Existing Customer"
"1170","0","0","Existing Customer"
"1171","0","0","Existing Customer"
"1172","0","0","Existing Customer"
"1173","1","0","Attrited Customer"
"1174","0","0","Existing Customer"
"1175","0","0","Existing Customer"
"1176","0","0","Attrited Customer"
"1177","1","0","Existing Customer"
"1178","0","0","Existing Customer"
"1179","0","0","Existing Customer"
"1180","0","0","Existing Customer"
"1181","0","0","Existing Customer"
"1182","1","1","Attrited Customer"
"1183","0","0","Existing Customer"
"1184","0","0","Existing Customer"
"1185","0","0","Existing Customer"
"1186","0","0","Existing Customer"
"1187","0","0","Existing Customer"
"1188","0","0","Existing Customer"
"1189","0","0","Existing Customer"
"1190","0","0","Existing Customer"
"1191","1","0","Attrited Customer"
"1192","0","0","Existing Customer"
"1193","0","0","Existing Customer"
"1194","1","1","Existing Customer"
"1195","0","0","Attrited Customer"
"1196","1","1","Attrited Customer"
"1197","0","0","Attrited Customer"
"1198","0","0","Existing Customer"
"1199","0","0","Existing Customer"
"1200","0","0","Existing Customer"
"1201","1","1","Attrited Customer"
"1202","0","0","Existing Customer"
"1203","0","0","Existing Customer"
"1204","0","0","Existing Customer"
"1205","0","0","Existing Customer"
"1206","0","0","Existing Customer"
"1207","0","0","Existing Customer"
"1208","0","0","Existing Customer"
"1209","1","0","Attrited Customer"
"1210","0","0","Existing Customer"
"1211","0","0","Existing Customer"
"1212","0","0","Existing Customer"
"1213","0","0","Existing Customer"
"1214","0","0","Existing Customer"
"1215","0","0","Existing Customer"
"1216","1","0","Existing Customer"
"1217","0","0","Existing Customer"
"1218","0","0","Existing Customer"
"1219","0","0","Existing Customer"
"1220","1","1","Attrited Customer"
"1221","0","0","Existing Customer"
"1222","0","0","Existing Customer"
"1223","0","0","Existing Customer"
"1224","0","0","Existing Customer"
"1225","0","0","Existing Customer"
"1226","0","0","Existing Customer"
"1227","0","0","Existing Customer"
"1228","0","0","Existing Customer"
"1229","1","1","Existing Customer"
"1230","1","1","Attrited Customer"
"1231","0","0","Existing Customer"
"1232","0","0","Existing Customer"
"1233","1","1","Attrited Customer"
"1234","0","0","Existing Customer"
"1235","0","0","Existing Customer"
"1236","0","0","Existing Customer"
"1237","0","1","Existing Customer"
"1238","0","0","Existing Customer"
"1239","0","0","Existing Customer"
"1240","0","0","Existing Customer"
"1241","0","0","Existing Customer"
"1242","0","0","Existing Customer"
"1243","1","1","Attrited Customer"
"1244","0","1","Attrited Customer"
"1245","0","0","Existing Customer"
"1246","0","0","Existing Customer"
"1247","0","0","Existing Customer"
"1248","1","1","Attrited Customer"
"1249","0","0","Existing Customer"
"1250","0","0","Existing Customer"
"1251","0","0","Existing Customer"
"1252","1","1","Attrited Customer"
"1253","0","0","Existing Customer"
"1254","0","0","Existing Customer"
"1255","0","0","Existing Customer"
"1256","0","0","Existing Customer"
"1257","0","0","Existing Customer"
"1258","0","0","Existing Customer"
"1259","0","0","Existing Customer"
"1260","1","1","Existing Customer"
"1261","0","0","Existing Customer"
"1262","0","0","Existing Customer"
"1263","0","0","Existing Customer"
"1264","0","0","Existing Customer"
"1265","0","0","Existing Customer"
"1266","1","0","Attrited Customer"
"1267","0","0","Existing Customer"
"1268","0","0","Existing Customer"
"1269","0","0","Existing Customer"
"1270","0","0","Existing Customer"
"1271","1","1","Attrited Customer"
"1272","0","0","Existing Customer"
"1273","0","0","Existing Customer"
"1274","0","0","Existing Customer"
"1275","1","1","Attrited Customer"
"1276","1","0","Attrited Customer"
"1277","0","0","Existing Customer"
"1278","0","0","Existing Customer"
"1279","0","0","Existing Customer"
"1280","0","0","Existing Customer"
"1281","0","0","Existing Customer"
"1282","0","0","Existing Customer"
"1283","0","0","Existing Customer"
"1284","0","0","Existing Customer"
"1285","0","0","Existing Customer"
"1286","0","0","Existing Customer"
"1287","0","0","Existing Customer"
"1288","0","0","Existing Customer"
"1289","0","0","Existing Customer"
"1290","0","0","Existing Customer"
"1291","0","0","Existing Customer"
"1292","0","0","Existing Customer"
"1293","0","0","Existing Customer"
"1294","0","0","Existing Customer"
"1295","0","0","Existing Customer"
"1296","1","1","Attrited Customer"
"1297","0","0","Existing Customer"
"1298","0","0","Existing Customer"
"1299","0","0","Existing Customer"
"1300","0","0","Existing Customer"
"1301","0","0","Existing Customer"
"1302","0","0","Existing Customer"
"1303","1","1","Attrited Customer"
"1304","0","0","Existing Customer"
"1305","0","0","Existing Customer"
"1306","0","0","Existing Customer"
"1307","0","0","Existing Customer"
"1308","0","0","Existing Customer"
"1309","1","1","Attrited Customer"
"1310","1","1","Attrited Customer"
"1311","0","0","Existing Customer"
"1312","1","1","Attrited Customer"
"1313","1","1","Attrited Customer"
"1314","0","0","Existing Customer"
"1315","0","0","Existing Customer"
"1316","0","0","Existing Customer"
"1317","0","0","Existing Customer"
"1318","0","0","Existing Customer"
"1319","1","1","Attrited Customer"
"1320","0","0","Existing Customer"
"1321","0","0","Existing Customer"
"1322","0","0","Existing Customer"
"1323","0","0","Existing Customer"
"1324","0","0","Existing Customer"
"1325","1","0","Attrited Customer"
"1326","0","0","Existing Customer"
"1327","0","0","Existing Customer"
"1328","0","0","Existing Customer"
"1329","1","1","Attrited Customer"
"1330","0","0","Existing Customer"
"1331","0","0","Existing Customer"
"1332","1","1","Attrited Customer"
"1333","0","0","Existing Customer"
"1334","1","1","Attrited Customer"
"1335","0","0","Existing Customer"
"1336","0","0","Existing Customer"
"1337","0","0","Existing Customer"
"1338","0","0","Existing Customer"
"1339","0","0","Existing Customer"
"1340","0","0","Existing Customer"
"1341","0","0","Existing Customer"
"1342","0","0","Existing Customer"
"1343","0","0","Existing Customer"
"1344","1","1","Attrited Customer"
"1345","1","1","Attrited Customer"
"1346","0","0","Existing Customer"
"1347","0","0","Existing Customer"
"1348","0","0","Existing Customer"
"1349","0","0","Existing Customer"
"1350","0","0","Existing Customer"
"1351","0","0","Existing Customer"
"1352","0","0","Existing Customer"
"1353","0","0","Existing Customer"
"1354","0","0","Existing Customer"
"1355","1","1","Attrited Customer"
"1356","0","0","Existing Customer"
"1357","0","0","Existing Customer"
"1358","0","0","Existing Customer"
"1359","1","0","Existing Customer"
"1360","0","0","Existing Customer"
"1361","1","0","Existing Customer"
"1362","0","0","Existing Customer"
"1363","0","0","Existing Customer"
"1364","0","0","Existing Customer"
"1365","0","0","Existing Customer"
"1366","0","0","Existing Customer"
"1367","0","0","Existing Customer"
"1368","0","0","Existing Customer"
"1369","1","1","Attrited Customer"
"1370","0","0","Existing Customer"
"1371","0","0","Existing Customer"
"1372","0","0","Existing Customer"
"1373","0","0","Existing Customer"
"1374","0","0","Existing Customer"
"1375","0","0","Existing Customer"
"1376","1","1","Existing Customer"
"1377","1","1","Existing Customer"
"1378","0","0","Existing Customer"
"1379","1","1","Attrited Customer"
"1380","1","1","Attrited Customer"
"1381","0","0","Existing Customer"
"1382","0","0","Existing Customer"
"1383","0","0","Existing Customer"
"1384","0","0","Existing Customer"
"1385","0","0","Existing Customer"
"1386","0","0","Existing Customer"
"1387","0","0","Existing Customer"
"1388","0","0","Existing Customer"
"1389","0","0","Existing Customer"
"1390","0","0","Existing Customer"
"1391","1","1","Attrited Customer"
"1392","0","0","Existing Customer"
"1393","1","1","Attrited Customer"
"1394","0","0","Existing Customer"
"1395","0","0","Existing Customer"
"1396","0","0","Existing Customer"
"1397","0","0","Existing Customer"
"1398","0","0","Existing Customer"
"1399","0","0","Existing Customer"
"1400","0","0","Existing Customer"
"1401","0","0","Existing Customer"
"1402","0","0","Existing Customer"
"1403","0","0","Existing Customer"
"1404","0","0","Existing Customer"
"1405","0","0","Existing Customer"
"1406","0","0","Existing Customer"
"1407","1","0","Attrited Customer"
"1408","1","1","Attrited Customer"
"1409","0","0","Existing Customer"
"1410","0","0","Existing Customer"
"1411","0","0","Existing Customer"
"1412","0","0","Existing Customer"
"1413","0","0","Existing Customer"
"1414","0","0","Existing Customer"
"1415","0","0","Existing Customer"
"1416","0","0","Existing Customer"
"1417","1","1","Attrited Customer"
"1418","0","0","Existing Customer"
"1419","0","0","Existing Customer"
"1420","0","0","Existing Customer"
"1421","0","0","Existing Customer"
"1422","0","0","Existing Customer"
"1423","0","0","Existing Customer"
"1424","1","1","Attrited Customer"
"1425","0","0","Existing Customer"
"1426","0","0","Existing Customer"
"1427","1","0","Attrited Customer"
"1428","0","0","Attrited Customer"
"1429","0","0","Existing Customer"
"1430","0","0","Existing Customer"
"1431","0","0","Existing Customer"
"1432","0","0","Existing Customer"
"1433","1","1","Attrited Customer"
"1434","0","0","Existing Customer"
"1435","0","0","Existing Customer"
"1436","0","0","Existing Customer"
"1437","1","0","Attrited Customer"
"1438","1","1","Attrited Customer"
"1439","1","0","Attrited Customer"
"1440","0","0","Existing Customer"
"1441","0","0","Existing Customer"
"1442","0","0","Existing Customer"
"1443","0","0","Existing Customer"
"1444","0","0","Existing Customer"
"1445","1","1","Attrited Customer"
"1446","0","0","Existing Customer"
"1447","0","0","Existing Customer"
"1448","0","0","Existing Customer"
"1449","0","0","Existing Customer"
"1450","0","0","Existing Customer"
"1451","0","0","Existing Customer"
"1452","1","0","Attrited Customer"
"1453","1","0","Attrited Customer"
"1454","0","0","Existing Customer"
"1455","1","1","Attrited Customer"
"1456","0","0","Existing Customer"
"1457","1","1","Attrited Customer"
"1458","0","0","Existing Customer"
"1459","0","0","Existing Customer"
"1460","0","0","Existing Customer"
"1461","0","0","Existing Customer"
"1462","0","0","Existing Customer"
"1463","0","0","Existing Customer"
"1464","0","0","Existing Customer"
"1465","0","0","Existing Customer"
"1466","0","0","Existing Customer"
"1467","1","1","Attrited Customer"
"1468","1","1","Attrited Customer"
"1469","0","0","Existing Customer"
"1470","0","0","Existing Customer"
"1471","0","0","Existing Customer"
"1472","1","1","Attrited Customer"
"1473","1","0","Existing Customer"
"1474","0","0","Existing Customer"
"1475","0","0","Existing Customer"
"1476","0","0","Existing Customer"
"1477","0","0","Existing Customer"
"1478","0","0","Existing Customer"
"1479","0","0","Existing Customer"
"1480","0","0","Existing Customer"
"1481","0","0","Existing Customer"
"1482","0","0","Existing Customer"
"1483","0","0","Existing Customer"
"1484","0","0","Existing Customer"
"1485","0","0","Existing Customer"
"1486","1","1","Attrited Customer"
"1487","0","0","Existing Customer"
"1488","0","0","Existing Customer"
"1489","0","0","Existing Customer"
"1490","0","0","Existing Customer"
"1491","0","0","Existing Customer"
"1492","0","0","Existing Customer"
"1493","0","0","Existing Customer"
"1494","0","0","Existing Customer"
"1495","0","0","Existing Customer"
"1496","0","0","Existing Customer"
"1497","1","1","Attrited Customer"
"1498","0","0","Existing Customer"
"1499","1","1","Attrited Customer"
"1500","0","0","Existing Customer"
"1501","0","0","Existing Customer"
"1502","0","0","Existing Customer"
"1503","0","0","Existing Customer"
"1504","0","0","Existing Customer"
"1505","1","1","Attrited Customer"
"1506","0","0","Existing Customer"
"1507","0","0","Existing Customer"
"1508","0","0","Existing Customer"
"1509","0","0","Existing Customer"
"1510","0","0","Existing Customer"
"1511","0","0","Existing Customer"
"1512","0","0","Existing Customer"
"1513","1","1","Existing Customer"
"1514","0","0","Existing Customer"
"1515","0","0","Existing Customer"
"1516","0","0","Existing Customer"
"1517","0","0","Existing Customer"
"1518","0","0","Attrited Customer"
"1519","0","0","Existing Customer"
"1520","0","0","Existing Customer"
"1521","0","0","Existing Customer"
"1522","0","0","Existing Customer"
"1523","0","0","Existing Customer"
"1524","0","0","Existing Customer"
"1525","0","0","Attrited Customer"
"1526","0","0","Existing Customer"
"1527","0","0","Existing Customer"
"1528","0","0","Existing Customer"
"1529","0","0","Existing Customer"
"1530","0","0","Existing Customer"
"1531","0","0","Attrited Customer"
"1532","0","0","Existing Customer"
"1533","0","0","Existing Customer"
"1534","1","1","Attrited Customer"
"1535","0","0","Attrited Customer"
"1536","0","0","Existing Customer"
"1537","0","0","Existing Customer"
"1538","0","0","Existing Customer"
"1539","0","0","Existing Customer"
"1540","0","0","Existing Customer"
"1541","1","1","Attrited Customer"
"1542","0","0","Existing Customer"
"1543","1","0","Existing Customer"
"1544","0","0","Existing Customer"
"1545","0","0","Attrited Customer"
"1546","0","0","Existing Customer"
"1547","0","0","Existing Customer"
"1548","0","0","Existing Customer"
"1549","0","0","Existing Customer"
"1550","0","0","Existing Customer"
"1551","0","0","Existing Customer"
"1552","0","0","Existing Customer"
"1553","0","0","Existing Customer"
"1554","0","0","Existing Customer"
"1555","0","0","Existing Customer"
"1556","0","0","Existing Customer"
"1557","0","0","Existing Customer"
"1558","0","0","Existing Customer"
"1559","0","0","Existing Customer"
"1560","1","0","Attrited Customer"
"1561","1","0","Existing Customer"
"1562","0","0","Existing Customer"
"1563","1","1","Attrited Customer"
"1564","0","0","Attrited Customer"
"1565","0","0","Existing Customer"
"1566","0","0","Existing Customer"
"1567","0","0","Existing Customer"
"1568","0","0","Existing Customer"
"1569","0","0","Existing Customer"
"1570","0","0","Existing Customer"
"1571","1","1","Attrited Customer"
"1572","0","0","Existing Customer"
"1573","0","0","Existing Customer"
"1574","0","0","Existing Customer"
"1575","0","0","Existing Customer"
"1576","0","0","Existing Customer"
"1577","1","1","Attrited Customer"
"1578","0","0","Existing Customer"
"1579","1","1","Attrited Customer"
"1580","0","0","Existing Customer"
"1581","0","0","Existing Customer"
"1582","0","0","Attrited Customer"
"1583","0","0","Existing Customer"
"1584","0","0","Existing Customer"
"1585","0","0","Existing Customer"
"1586","0","0","Existing Customer"
"1587","0","0","Existing Customer"
"1588","1","1","Attrited Customer"
"1589","0","0","Existing Customer"
"1590","0","0","Existing Customer"
"1591","1","1","Attrited Customer"
"1592","0","0","Existing Customer"
"1593","1","1","Attrited Customer"
"1594","0","0","Existing Customer"
"1595","0","0","Existing Customer"
"1596","0","0","Attrited Customer"
"1597","0","0","Existing Customer"
"1598","0","0","Existing Customer"
"1599","1","1","Attrited Customer"
"1600","0","0","Existing Customer"
"1601","1","1","Attrited Customer"
"1602","0","0","Existing Customer"
"1603","1","0","Existing Customer"
"1604","0","0","Existing Customer"
"1605","0","0","Existing Customer"
"1606","0","0","Existing Customer"
"1607","0","0","Existing Customer"
"1608","0","0","Existing Customer"
"1609","0","0","Existing Customer"
"1610","1","0","Attrited Customer"
"1611","0","0","Existing Customer"
"1612","0","0","Existing Customer"
"1613","0","0","Existing Customer"
"1614","0","0","Existing Customer"
"1615","0","0","Attrited Customer"
"1616","0","0","Existing Customer"
"1617","1","1","Attrited Customer"
"1618","0","0","Existing Customer"
"1619","0","0","Existing Customer"
"1620","0","0","Existing Customer"
"1621","0","0","Existing Customer"
"1622","0","0","Existing Customer"
"1623","0","0","Existing Customer"
"1624","0","0","Existing Customer"
"1625","0","0","Existing Customer"
"1626","0","0","Existing Customer"
"1627","0","0","Existing Customer"
"1628","0","0","Existing Customer"
"1629","1","0","Attrited Customer"
"1630","0","0","Existing Customer"
"1631","1","1","Attrited Customer"
"1632","0","0","Existing Customer"
"1633","0","0","Existing Customer"
"1634","0","0","Attrited Customer"
"1635","0","0","Existing Customer"
"1636","1","1","Attrited Customer"
"1637","0","0","Existing Customer"
"1638","0","0","Existing Customer"
"1639","0","0","Existing Customer"
"1640","0","0","Existing Customer"
"1641","0","0","Existing Customer"
"1642","0","0","Existing Customer"
"1643","0","0","Existing Customer"
"1644","0","0","Existing Customer"
"1645","0","0","Existing Customer"
"1646","0","0","Existing Customer"
"1647","0","0","Existing Customer"
"1648","0","0","Existing Customer"
"1649","0","0","Existing Customer"
"1650","1","1","Attrited Customer"
"1651","0","0","Existing Customer"
"1652","0","0","Existing Customer"
"1653","0","0","Existing Customer"
"1654","0","0","Existing Customer"
"1655","0","0","Existing Customer"
"1656","0","0","Existing Customer"
"1657","0","0","Existing Customer"
"1658","0","0","Existing Customer"
"1659","1","0","Attrited Customer"
"1660","1","1","Attrited Customer"
"1661","1","1","Existing Customer"
"1662","1","1","Attrited Customer"
"1663","0","0","Existing Customer"
"1664","1","1","Attrited Customer"
"1665","0","0","Existing Customer"
"1666","0","0","Existing Customer"
"1667","0","0","Existing Customer"
"1668","0","0","Existing Customer"
"1669","0","0","Existing Customer"
"1670","0","0","Existing Customer"
"1671","0","0","Existing Customer"
"1672","0","0","Existing Customer"
"1673","0","0","Existing Customer"
"1674","0","0","Existing Customer"
"1675","0","0","Existing Customer"
"1676","0","0","Existing Customer"
"1677","1","1","Attrited Customer"
"1678","1","1","Existing Customer"
"1679","0","0","Existing Customer"
"1680","1","1","Attrited Customer"
"1681","0","0","Existing Customer"
"1682","0","0","Existing Customer"
"1683","0","0","Existing Customer"
"1684","1","1","Attrited Customer"
"1685","0","0","Existing Customer"
"1686","0","0","Attrited Customer"
"1687","0","0","Existing Customer"
"1688","0","0","Existing Customer"
"1689","0","0","Existing Customer"
"1690","0","0","Existing Customer"
"1691","0","0","Existing Customer"
"1692","0","0","Existing Customer"
"1693","0","0","Existing Customer"
"1694","0","0","Existing Customer"
"1695","0","0","Existing Customer"
"1696","0","0","Existing Customer"
"1697","0","0","Existing Customer"
"1698","0","0","Existing Customer"
"1699","0","0","Existing Customer"
"1700","0","0","Existing Customer"
"1701","1","0","Existing Customer"
"1702","1","0","Attrited Customer"
"1703","1","1","Attrited Customer"
"1704","0","0","Existing Customer"
"1705","0","0","Existing Customer"
"1706","0","0","Existing Customer"
"1707","0","0","Existing Customer"
"1708","0","0","Existing Customer"
"1709","0","0","Existing Customer"
"1710","0","0","Existing Customer"
"1711","0","0","Existing Customer"
"1712","0","0","Existing Customer"
"1713","0","0","Existing Customer"
"1714","0","0","Existing Customer"
"1715","0","0","Existing Customer"
"1716","0","0","Existing Customer"
"1717","1","0","Attrited Customer"
"1718","0","0","Existing Customer"
"1719","0","0","Existing Customer"
"1720","0","0","Existing Customer"
"1721","1","0","Existing Customer"
"1722","1","1","Attrited Customer"
"1723","0","0","Existing Customer"
"1724","1","1","Attrited Customer"
"1725","0","0","Existing Customer"
"1726","0","0","Existing Customer"
"1727","0","0","Existing Customer"
"1728","0","0","Existing Customer"
"1729","0","0","Existing Customer"
"1730","0","0","Existing Customer"
"1731","0","0","Existing Customer"
"1732","0","0","Existing Customer"
"1733","1","1","Attrited Customer"
"1734","0","0","Existing Customer"
"1735","0","0","Existing Customer"
"1736","1","1","Attrited Customer"
"1737","1","0","Attrited Customer"
"1738","0","0","Existing Customer"
"1739","0","0","Existing Customer"
"1740","1","0","Existing Customer"
"1741","0","0","Existing Customer"
"1742","1","1","Attrited Customer"
"1743","0","0","Existing Customer"
"1744","0","0","Attrited Customer"
"1745","0","0","Existing Customer"
"1746","1","0","Existing Customer"
"1747","0","0","Existing Customer"
"1748","0","0","Existing Customer"
"1749","0","0","Existing Customer"
"1750","1","1","Existing Customer"
"1751","0","0","Existing Customer"
"1752","0","0","Existing Customer"
"1753","0","0","Existing Customer"
"1754","0","0","Existing Customer"
"1755","1","1","Attrited Customer"
"1756","0","0","Existing Customer"
"1757","0","0","Existing Customer"
"1758","0","0","Existing Customer"
"1759","0","0","Existing Customer"
"1760","1","1","Attrited Customer"
"1761","0","0","Existing Customer"
"1762","0","0","Existing Customer"
"1763","1","1","Attrited Customer"
"1764","1","1","Attrited Customer"
"1765","0","0","Existing Customer"
"1766","1","1","Attrited Customer"
"1767","0","0","Existing Customer"
"1768","0","0","Existing Customer"
"1769","1","1","Attrited Customer"
"1770","0","0","Existing Customer"
"1771","0","0","Existing Customer"
"1772","0","0","Existing Customer"
"1773","0","0","Existing Customer"
"1774","0","0","Existing Customer"
"1775","0","0","Existing Customer"
"1776","0","0","Existing Customer"
"1777","0","0","Existing Customer"
"1778","1","0","Existing Customer"
"1779","1","1","Attrited Customer"
"1780","0","0","Existing Customer"
"1781","0","0","Existing Customer"
"1782","1","0","Existing Customer"
"1783","0","0","Existing Customer"
"1784","0","0","Existing Customer"
"1785","1","1","Attrited Customer"
"1786","1","1","Attrited Customer"
"1787","0","0","Existing Customer"
"1788","0","0","Existing Customer"
"1789","0","0","Existing Customer"
"1790","0","0","Existing Customer"
"1791","1","1","Attrited Customer"
"1792","0","0","Existing Customer"
"1793","0","0","Existing Customer"
"1794","0","0","Existing Customer"
"1795","0","0","Existing Customer"
"1796","0","0","Existing Customer"
"1797","0","0","Existing Customer"
"1798","0","0","Existing Customer"
"1799","0","0","Attrited Customer"
"1800","0","0","Existing Customer"
"1801","0","0","Existing Customer"
"1802","0","0","Existing Customer"
"1803","0","0","Existing Customer"
"1804","0","0","Existing Customer"
"1805","0","0","Existing Customer"
"1806","0","0","Existing Customer"
"1807","0","0","Attrited Customer"
"1808","0","0","Existing Customer"
"1809","0","0","Existing Customer"
"1810","0","0","Existing Customer"
"1811","0","0","Existing Customer"
"1812","0","0","Existing Customer"
"1813","1","0","Attrited Customer"
"1814","0","0","Existing Customer"
"1815","0","0","Existing Customer"
"1816","0","0","Existing Customer"
"1817","0","0","Existing Customer"
"1818","0","0","Existing Customer"
"1819","1","1","Attrited Customer"
"1820","1","1","Attrited Customer"
"1821","1","1","Attrited Customer"
"1822","0","0","Existing Customer"
"1823","0","0","Existing Customer"
"1824","0","0","Existing Customer"
"1825","0","0","Attrited Customer"
"1826","0","0","Existing Customer"
"1827","0","0","Existing Customer"
"1828","0","0","Existing Customer"
"1829","0","0","Existing Customer"
"1830","0","0","Existing Customer"
"1831","0","0","Existing Customer"
"1832","0","0","Existing Customer"
"1833","0","0","Existing Customer"
"1834","0","0","Existing Customer"
"1835","1","1","Attrited Customer"
"1836","0","0","Existing Customer"
"1837","0","0","Existing Customer"
"1838","0","0","Existing Customer"
"1839","0","0","Existing Customer"
"1840","0","0","Existing Customer"
"1841","0","0","Existing Customer"
"1842","0","0","Existing Customer"
"1843","0","0","Existing Customer"
"1844","0","0","Attrited Customer"
"1845","0","0","Existing Customer"
"1846","0","0","Existing Customer"
"1847","0","0","Existing Customer"
"1848","0","0","Existing Customer"
"1849","0","0","Existing Customer"
"1850","0","0","Attrited Customer"
"1851","0","0","Existing Customer"
"1852","0","0","Existing Customer"
"1853","0","0","Existing Customer"
"1854","0","0","Existing Customer"
"1855","0","0","Existing Customer"
"1856","0","0","Existing Customer"
"1857","0","0","Existing Customer"
"1858","0","0","Existing Customer"
"1859","0","0","Existing Customer"
"1860","0","0","Attrited Customer"
"1861","1","0","Existing Customer"
"1862","0","0","Existing Customer"
"1863","0","0","Existing Customer"
"1864","1","0","Attrited Customer"
"1865","0","0","Existing Customer"
"1866","0","0","Existing Customer"
"1867","0","0","Existing Customer"
"1868","0","0","Attrited Customer"
"1869","0","0","Existing Customer"
"1870","1","0","Existing Customer"
"1871","1","0","Existing Customer"
"1872","0","0","Existing Customer"
"1873","1","0","Existing Customer"
"1874","0","0","Existing Customer"
"1875","1","0","Attrited Customer"
"1876","0","0","Existing Customer"
"1877","0","0","Existing Customer"
"1878","1","0","Existing Customer"
"1879","0","0","Existing Customer"
"1880","0","0","Existing Customer"
"1881","0","0","Existing Customer"
"1882","0","0","Existing Customer"
"1883","0","0","Existing Customer"
"1884","0","0","Existing Customer"
"1885","0","0","Existing Customer"
"1886","0","0","Existing Customer"
"1887","0","0","Existing Customer"
"1888","0","0","Existing Customer"
"1889","0","0","Existing Customer"
"1890","0","0","Existing Customer"
"1891","0","0","Existing Customer"
"1892","0","0","Existing Customer"
"1893","0","0","Existing Customer"
"1894","1","0","Existing Customer"
"1895","1","0","Attrited Customer"
"1896","0","0","Existing Customer"
"1897","0","0","Existing Customer"
"1898","0","0","Existing Customer"
"1899","0","0","Existing Customer"
"1900","0","0","Existing Customer"
"1901","0","0","Existing Customer"
"1902","0","0","Attrited Customer"
"1903","0","0","Existing Customer"
"1904","0","0","Existing Customer"
"1905","0","0","Existing Customer"
"1906","0","0","Existing Customer"
"1907","0","0","Existing Customer"
"1908","0","0","Existing Customer"
"1909","0","0","Existing Customer"
"1910","0","0","Existing Customer"
"1911","0","0","Existing Customer"
"1912","0","0","Existing Customer"
"1913","0","0","Existing Customer"
"1914","1","0","Existing Customer"
"1915","0","0","Existing Customer"
"1916","0","0","Existing Customer"
"1917","0","0","Attrited Customer"
"1918","0","0","Existing Customer"
"1919","0","0","Existing Customer"
"1920","0","0","Existing Customer"
"1921","0","0","Existing Customer"
"1922","0","0","Existing Customer"
"1923","0","0","Existing Customer"
"1924","0","0","Existing Customer"
"1925","0","0","Existing Customer"
"1926","0","0","Existing Customer"
"1927","0","0","Existing Customer"
"1928","0","0","Existing Customer"
"1929","0","0","Existing Customer"
"1930","0","0","Existing Customer"
"1931","0","0","Existing Customer"
"1932","0","0","Existing Customer"
"1933","0","0","Existing Customer"
"1934","0","0","Existing Customer"
"1935","0","0","Existing Customer"
"1936","0","0","Attrited Customer"
"1937","0","0","Existing Customer"
"1938","0","0","Existing Customer"
"1939","0","0","Existing Customer"
"1940","0","0","Existing Customer"
"1941","1","0","Existing Customer"
"1942","0","0","Existing Customer"
"1943","1","0","Existing Customer"
"1944","0","0","Attrited Customer"
"1945","0","0","Attrited Customer"
"1946","0","0","Existing Customer"
"1947","0","0","Existing Customer"
"1948","0","0","Existing Customer"
"1949","0","0","Existing Customer"
"1950","0","0","Attrited Customer"
"1951","0","0","Existing Customer"
"1952","0","0","Existing Customer"
"1953","1","0","Attrited Customer"
"1954","0","0","Existing Customer"
"1955","0","0","Existing Customer"
"1956","1","1","Attrited Customer"
"1957","0","0","Existing Customer"
"1958","1","0","Existing Customer"
"1959","0","0","Existing Customer"
"1960","0","0","Existing Customer"
"1961","0","0","Existing Customer"
"1962","0","0","Existing Customer"
"1963","0","0","Existing Customer"
"1964","0","0","Existing Customer"
"1965","0","0","Existing Customer"
"1966","0","0","Existing Customer"
"1967","0","0","Existing Customer"
"1968","0","0","Existing Customer"
"1969","0","0","Existing Customer"
"1970","1","0","Attrited Customer"
"1971","0","0","Attrited Customer"
"1972","1","0","Attrited Customer"
"1973","0","0","Existing Customer"
"1974","0","0","Existing Customer"
"1975","0","0","Existing Customer"
"1976","1","0","Existing Customer"
"1977","0","0","Existing Customer"
"1978","1","1","Attrited Customer"
"1979","1","0","Attrited Customer"
"1980","0","0","Existing Customer"
"1981","0","0","Existing Customer"
"1982","0","0","Existing Customer"
"1983","0","0","Existing Customer"
"1984","0","0","Existing Customer"
"1985","0","0","Existing Customer"
"1986","0","0","Existing Customer"
"1987","1","0","Existing Customer"
"1988","0","0","Existing Customer"
"1989","0","0","Existing Customer"
"1990","1","0","Existing Customer"
"1991","0","0","Existing Customer"
"1992","0","0","Existing Customer"
"1993","0","0","Existing Customer"
"1994","1","0","Existing Customer"
"1995","0","0","Existing Customer"
"1996","0","0","Existing Customer"
"1997","0","0","Existing Customer"
"1998","0","0","Existing Customer"
"1999","0","0","Existing Customer"
"2000","0","0","Existing Customer"
"2001","0","0","Existing Customer"
"2002","0","0","Existing Customer"
"2003","1","0","Existing Customer"
"2004","1","0","Existing Customer"
"2005","0","0","Existing Customer"
"2006","0","0","Existing Customer"
"2007","0","0","Existing Customer"
"2008","0","0","Existing Customer"
"2009","0","0","Existing Customer"
"2010","0","0","Attrited Customer"
"2011","1","0","Attrited Customer"
"2012","0","0","Existing Customer"
"2013","0","0","Existing Customer"
"2014","0","0","Existing Customer"
"2015","0","0","Existing Customer"
"2016","0","0","Existing Customer"
"2017","0","0","Existing Customer"
"2018","0","0","Existing Customer"
"2019","1","0","Attrited Customer"
"2020","0","0","Existing Customer"
"2021","1","0","Existing Customer"
"2022","0","0","Existing Customer"
"2023","1","0","Existing Customer"
"2024","0","0","Existing Customer"
"2025","1","0","Attrited Customer"
"2026","0","0","Existing Customer"
"2027","1","0","Attrited Customer"
"2028","0","0","Existing Customer"
"2029","0","0","Existing Customer"
"2030","0","0","Existing Customer"
"2031","1","0","Existing Customer"
"2032","0","0","Existing Customer"
"2033","1","0","Attrited Customer"
"2034","0","0","Existing Customer"
"2035","0","0","Existing Customer"
"2036","1","0","Attrited Customer"
"2037","0","0","Existing Customer"
"2038","1","0","Attrited Customer"
"2039","0","0","Existing Customer"
"2040","0","0","Existing Customer"
"2041","1","0","Attrited Customer"
"2042","0","0","Existing Customer"
"2043","1","0","Attrited Customer"
"2044","0","0","Existing Customer"
"2045","0","0","Existing Customer"
"2046","0","0","Existing Customer"
"2047","0","0","Existing Customer"
"2048","0","0","Existing Customer"
"2049","0","0","Existing Customer"
"2050","0","0","Existing Customer"
"2051","0","0","Existing Customer"
"2052","0","0","Existing Customer"
"2053","1","0","Existing Customer"
"2054","0","0","Existing Customer"
"2055","1","1","Attrited Customer"
"2056","0","0","Existing Customer"
"2057","1","1","Attrited Customer"
"2058","0","0","Existing Customer"
"2059","0","0","Existing Customer"
"2060","0","0","Existing Customer"
"2061","0","0","Existing Customer"
"2062","0","0","Existing Customer"
"2063","0","0","Existing Customer"
"2064","0","0","Existing Customer"
"2065","0","0","Existing Customer"
"2066","0","0","Existing Customer"
"2067","1","0","Attrited Customer"
"2068","0","0","Existing Customer"
"2069","0","0","Attrited Customer"
"2070","0","0","Existing Customer"
"2071","1","0","Attrited Customer"
"2072","0","0","Existing Customer"
"2073","0","0","Existing Customer"
"2074","1","0","Attrited Customer"
"2075","1","0","Existing Customer"
"2076","1","0","Existing Customer"
"2077","0","0","Attrited Customer"
"2078","1","0","Attrited Customer"
"2079","0","0","Existing Customer"
"2080","0","0","Existing Customer"
"2081","0","0","Existing Customer"
"2082","1","0","Existing Customer"
"2083","1","0","Existing Customer"
"2084","0","0","Existing Customer"
"2085","0","0","Existing Customer"
"2086","0","0","Existing Customer"
"2087","0","0","Attrited Customer"
"2088","1","0","Attrited Customer"
"2089","0","0","Existing Customer"
"2090","1","1","Attrited Customer"
"2091","0","0","Existing Customer"
"2092","0","0","Existing Customer"
"2093","1","0","Attrited Customer"
"2094","0","0","Existing Customer"
"2095","0","0","Existing Customer"
"2096","0","0","Existing Customer"
"2097","0","0","Existing Customer"
"2098","0","0","Existing Customer"
"2099","0","0","Existing Customer"
"2100","0","0","Existing Customer"
"2101","1","0","Attrited Customer"
"2102","0","0","Existing Customer"
"2103","1","0","Attrited Customer"
"2104","0","0","Existing Customer"
"2105","0","0","Existing Customer"
"2106","0","0","Existing Customer"
"2107","1","0","Attrited Customer"
"2108","0","0","Existing Customer"
"2109","0","0","Existing Customer"
"2110","0","0","Existing Customer"
"2111","1","0","Attrited Customer"
"2112","1","0","Existing Customer"
"2113","0","0","Existing Customer"
"2114","0","0","Existing Customer"
"2115","0","0","Existing Customer"
"2116","0","0","Existing Customer"
"2117","0","0","Existing Customer"
"2118","0","0","Existing Customer"
"2119","0","0","Existing Customer"
"2120","0","0","Existing Customer"
"2121","0","0","Existing Customer"
"2122","1","0","Existing Customer"
"2123","0","0","Attrited Customer"
"2124","0","0","Existing Customer"
"2125","1","0","Attrited Customer"
